,h3_id,avg_centrality,lat,lng
0,882a100021fffff,3.3865341725487537e-06,40.857656179014,-73.81192709882109
1,882a100023fffff,3.3865341725487537e-06,40.84977742626076,-73.80950292368898
2,882a100025fffff,3.3865341725487537e-06,40.86002747391818,-73.82273555119615
3,882a100027fffff,1.163785156121913e-05,40.85214867781109,-73.82030941693367
4,882a10002dfffff,0.0,40.86553566907749,-73.81435209323601
5,882a100035fffff,3.3865341725487537e-06,40.84189941105498,-73.80707956743318
6,882a100101fffff,0.00012489860555423858,40.875015508443674,-73.8576008691374
7,882a100103fffff,0.0001642469073686146,40.86713584855748,-73.85516803406857
8,882a100105fffff,0.00011313980634399983,40.87738317005965,-73.8684160308666
9,882a100107fffff,0.00017017334217057489,40.86950346884012,-73.8659812350277
10,882a100109fffff,0.00011498089833463151,40.88052728166654,-73.84921859017174
11,882a10010bfffff,0.00010640705388190886,40.87264692716565,-73.84678689393489
12,882a10010dfffff,0.00011815241446447875,40.882895904501346,-73.8600345265709
13,882a100111fffff,5.507149618692378e-05,40.856888427592885,-73.84192596614102
14,882a100113fffff,5.966750684966853e-05,40.84901028299649,-73.83949673376893
15,882a100115fffff,0.00015715131195946478,40.85925692508074,-73.85273602095643
16,882a100117fffff,0.000141428117586917,40.85137873825122,-73.85030482939324
17,882a100119fffff,3.262898797995387e-05,40.86239785072476,-73.83354519157834
18,882a10011bfffff,2.615156944357093e-05,40.85451901171241,-73.83111709794215
19,882a10011dfffff,8.0336116204351e-05,40.864767309061804,-73.84435601939387
20,882a100121fffff,0.00014128029268255972,40.874235950280365,-73.88761119349822
21,882a100123fffff,0.00017700016502634778,40.866356903473715,-73.88517329935628
22,882a100125fffff,9.423613675649225e-05,40.87660081069531,-73.89842794985789
23,882a100127fffff,0.0001016273819743566,40.86872172367687,-73.89598809488999
24,882a100129fffff,0.00012055792881720187,40.879749911641944,-73.879232378547
25,882a10012bfffff,0.0001676200029134945,40.87187016953822,-73.87679562169613
26,882a10012dfffff,7.010932054836051e-05,40.882115732819045,-73.89004991160257
27,882a100131fffff,0.00021259908972111623,40.85611289344292,-73.87192457746747
28,882a100133fffff,0.0001723100839699211,40.848235359927294,-73.8694902892732
29,882a100135fffff,0.00023892536132438208,40.85847859263735,-73.88273622876811
30,882a100137fffff,0.0001824428092322297,40.850601018009236,-73.88029998132522
31,882a100139fffff,0.00018214715942351512,40.86162450380445,-73.86354726181402
32,882a10013bfffff,0.0001854261845747131,40.85374627519049,-73.86111411081755
33,882a10013dfffff,0.00022411599363331575,40.863991163392534,-73.87435968813907
34,882a100141fffff,4.82446733311509e-05,40.89392057299802,-73.84326577639457
35,882a100143fffff,5.802799427406952e-05,40.88603878797191,-73.84083439783454
36,882a100145fffff,4.329925834901621e-05,40.89629019890718,-73.85408444936499
37,882a100147fffff,8.302384173811985e-05,40.88840837232645,-73.85165110851239
38,882a100149fffff,7.767526792591982e-06,40.899432505978886,-73.83487852992124
39,882a10014bfffff,1.271294177472667e-05,40.891550026822884,-73.83244829182978
40,882a10014dfffff,2.308756233507444e-05,40.901803093932344,-73.84569797720526
41,882a100151fffff,1.4728735925053312e-05,40.875787277150664,-73.82759027998175
42,882a100153fffff,1.4728735925053312e-05,40.86790700711055,-73.82516250540982
43,882a100155fffff,3.4940431938995084e-05,40.878157739092316,-73.83840384111704
44,882a100157fffff,2.9242453807405112e-05,40.870277426597305,-73.83597410583417
45,882a100159fffff,4.945414982134688e-06,40.881296860185216,-73.81920454154128
46,882a10015bfffff,4.945414982134688e-06,40.87341589621375,-73.81677790734041
47,882a10015dfffff,1.4728735925053312e-05,40.88366828380076,-73.83001887531921
48,882a100161fffff,7.146662194291379e-05,40.893144780097494,-73.87328809205367
49,882a100163fffff,0.0001111240121936732,40.88526360722487,-73.87085164973907
50,882a100165fffff,2.1985594866229213e-05,40.89551160277023,-73.88410836376504
51,882a100167fffff,7.489347199846907e-05,40.88763038946542,-73.88166995910034
52,882a100169fffff,4.329925834901621e-05,40.89865890417818,-73.86490431016529
53,882a10016bfffff,7.146662194291379e-05,40.8907770364923,-73.86246900677736
54,882a10016dfffff,2.308756233507444e-05,40.901026688439,-73.87572535821924
55,882a100181fffff,1.4379331605663361e-05,40.819873362154425,-73.84058827048476
56,882a100185fffff,2.8059854572546818e-05,40.82224072970387,-73.8513897208518
57,882a100189fffff,2.2630648994333736e-05,40.82538027281617,-73.83221395786708
58,882a10018dfffff,3.2548356213940805e-05,40.82774860002101,-73.84301617992412
59,882a1001a1fffff,4.3523235476830285e-05,40.81909808633296,-73.87056321484758
60,882a1001a3fffff,3.7628157472763935e-06,40.81122419630958,-73.86813107701411
61,882a1001a5fffff,8.550550831429975e-05,40.82146266052414,-73.88136625944885
62,882a1001a7fffff,5.408599682454187e-05,40.81358872870989,-73.8789321654609
63,882a1001a9fffff,3.5558608811761917e-05,40.82460718035992,-73.8621923554774
64,882a1001abfffff,1.3680522966883458e-05,40.816732594954956,-73.85976135311674
65,882a1001adfffff,0.00010308323330514807,40.82697271375174,-73.8729961737882
66,882a1001c1fffff,2.601718316688249e-05,40.83876354521809,-73.82626337090076
67,882a1001c3fffff,2.601718316688249e-05,40.83088691821057,-73.82383773668212
68,882a1001c5fffff,2.601718316688249e-05,40.8411328755101,-73.83706832187046
69,882a1001c7fffff,2.601718316688249e-05,40.833256205370965,-73.8346407300387
70,882a1001c9fffff,1.163785156121913e-05,40.84427061902667,-73.81788410221566
71,882a1001cbfffff,1.163785156121913e-05,40.83639329780208,-73.81545960663557
72,882a1001cdfffff,2.601718316688249e-05,40.846640909797756,-73.82868982451858
73,882a1001e1fffff,0.00013656333437079537,40.83799202817855,-73.8562502738453
74,882a1001e3fffff,3.6311171961217196e-05,40.830116010255466,-73.85381958705473
75,882a1001e5fffff,0.0001834372676797242,40.840358563083285,-73.86705682314846
76,882a1001e7fffff,0.00012559741419301848,40.8324825031484,-73.86462417868563
77,882a1001e9fffff,0.0001126425771202526,40.84350128830653,-73.84787445897155
78,882a1001ebfffff,3.593489038648955e-05,40.83562457548406,-73.84544490928415
79,882a1001edfffff,0.0001860174841921423,40.845868783236014,-73.85868178163048
80,882a100321fffff,0.0,40.91282807966403,-73.82891928745804
81,882a100323fffff,0.0,40.90494417073179,-73.82648936879633
82,882a100325fffff,0.0,40.915199671739046,-73.83974147247956
83,882a100327fffff,7.767526792591982e-06,40.90731572103045,-73.83730959000172
84,882a100331fffff,0.0,40.89468856941527,-73.8132432036015
85,882a100333fffff,0.0,40.886806175164125,-73.81081689021755
86,882a100335fffff,0.0,40.89706099768235,-73.8240602718616
87,882a100337fffff,4.945414982134688e-06,40.889178560754104,-73.82163199624584
88,882a10033dfffff,0.0,40.90257170001307,-73.8156703376344
89,882a100537fffff,0.0,40.7238178493896,-73.77082721317547
90,882a100813fffff,7.071405879345849e-05,40.826954653614976,-73.97374420222577
91,882a100819fffff,3.0102525978211148e-05,40.840346190903546,-73.96783313062552
92,882a10081bfffff,0.00015835182936454822,40.83247194089916,-73.96538337877391
93,882a100851fffff,3.1029791287361404e-05,40.853739597661814,-73.96191871105485
94,882a100853fffff,9.689250549236714e-05,40.845863914920976,-73.95946926398362
95,882a100859fffff,7.113065625119269e-05,40.859257757397295,-73.95355179929454
96,882a10085bfffff,0.00016193546340957334,40.85138137751687,-73.9511034847957
97,882a100881fffff,0.00022687763161926322,40.79782295730974,-73.97475203687154
98,882a100883fffff,0.0003998058924619512,40.789953046698194,-73.97230333019724
99,882a100885fffff,0.0001188109072202521,40.800177193481545,-73.98555631237718
100,882a100887fffff,0.00022969302411588613,40.792307244653166,-73.98310565091663
101,882a100889fffff,0.0003725926714325416,40.803338411084496,-73.96639651391816
102,882a10088bfffff,0.00043098350865366993,40.79546780257506,-73.96394893647735
103,882a10088dfffff,0.00022253695488222652,40.80569360425788,-73.97720156952671
104,882a100891fffff,0.0006627975961699554,40.779728795481134,-73.95905625713573
105,882a100893fffff,0.0007366943699496517,40.77186039737063,-73.95661115441823
106,882a100895fffff,0.0006604323977002388,40.782083872660436,-73.96985544909508
107,882a100897fffff,0.0007778918269312607,40.77421543543357,-73.96740839315652
108,882a100899fffff,0.0003184753178101058,40.78524189681171,-73.95070221395892
109,882a10089bfffff,0.0002713169335488531,40.77737280100291,-73.94825824039013
110,882a10089dfffff,0.0004350957287203363,40.78759793062823,-73.9615021843527
111,882a1008a3fffff,2.5264620017427212e-06,40.78914359672264,-74.00226007049807
112,882a1008abfffff,5.1604330248361965e-05,40.794660524124964,-73.99390914593447
113,882a1008b1fffff,0.0004749157263658887,40.77892275953247,-73.98900639326244
114,882a1008b3fffff,0.0007543713488048542,40.771054982011556,-73.98655625625548
115,882a1008b5fffff,7.993295737428566e-05,40.78127504483244,-73.99980715347834
116,882a1008b7fffff,0.00045016849351371197,40.77340722931203,-73.9973550632056
117,882a1008b9fffff,0.0005723511524160772,40.78443803217257,-73.98065581569266
118,882a1008bbfffff,0.00076603895732734,40.77656955627686,-73.97820680629647
119,882a1008bdfffff,0.00016786189821153366,40.78679127364929,-73.99145735635247
120,882a1008c1fffff,0.00042952317778032216,40.816725647930994,-73.96048635474924
121,882a1008c3fffff,0.0005470529358294778,40.80885360544284,-73.95803908175756
122,882a1008c5fffff,0.0002456312365311354,40.81908183684203,-73.97129414638324
123,882a1008c7fffff,0.0003482150008412581,40.81120975591932,-73.96884491708379
124,882a1008c9fffff,0.00048450732288739853,40.82224127975794,-73.9521258822242
125,882a1008cbfffff,0.0007071517867909758,40.81436853984996,-73.94967974009114
126,882a1008cdfffff,0.00029410884607521294,40.824598426495676,-73.9629344536183
127,882a1008d1fffff,0.000545830020711613,40.79862526917927,-73.94478993105159
128,882a1008d3fffff,0.0004087425798617327,40.79075473889113,-73.94234626332812
129,882a1008d5fffff,0.000570678043271306,40.80098229926872,-73.95559263423436
130,882a1008d7fffff,0.0005778677090741378,40.79311172964598,-73.95314701177094
131,882a1008d9fffff,0.0006684037436791415,40.80413854869356,-73.9364309418966
132,882a1008dbfffff,0.0003706843863035657,40.79626732118499,-73.93398840494555
133,882a1008ddfffff,0.0006825008641037592,40.80649653624461,-73.9472344231698
134,882a1008e3fffff,4.206290460348254e-05,40.808047878420304,-73.98800780048343
135,882a1008e9fffff,3.7036857855334785e-05,40.82143710621416,-73.98210311441619
136,882a1008ebfffff,0.00011823304623049182,40.81356498730522,-73.97965192857184
137,882a100a03fffff,1.588445790457392e-05,40.883689866266785,-73.93088532051465
138,882a100a0bfffff,1.037462056034777e-05,40.889207670206844,-73.9225096172535
139,882a100a11fffff,0.0001024471382621561,40.8734486029651,-73.91762123660165
140,882a100a13fffff,0.00018070026717783625,40.86557017216257,-73.91517828481871
141,882a100a15fffff,7.320468445475099e-05,40.87581066130865,-73.92843958162587
142,882a100a17fffff,0.00010744630775496617,40.867932191415754,-73.92599466896426
143,882a100a19fffff,7.289559601836755e-05,40.878964750411974,-73.90924589019862
144,882a100a1bfffff,0.00012681137022577075,40.87108562363095,-73.90680407416399
145,882a100a1dfffff,3.9446851750614193e-05,40.881327769059396,-73.92006501394336
146,882a100a31fffff,2.6904132593026214e-05,40.87265346681609,-73.947630981986
147,882a100a33fffff,9.948616063245408e-05,40.86477565494112,-73.94518297400244
148,882a100a37fffff,1.790025205490056e-05,40.86713487237879,-73.95600094079471
149,882a100a39fffff,2.6904132593026214e-05,40.87817179829095,-73.93925910865909
150,882a100a3bfffff,7.836511747958717e-05,40.87029328975704,-73.93681223487924
151,882a100a51fffff,1.037462056034777e-05,40.89236119101144,-73.90331013409622
152,882a100a53fffff,4.511347308431019e-05,40.88448063321969,-73.9008686294569
153,882a100a55fffff,1.037462056034777e-05,40.894725209574204,-73.91413199857668
154,882a100a57fffff,2.0534223077994032e-05,40.88684461247263,-73.91168853153299
155,882a100a59fffff,3.494043193899508e-06,40.89787750413886,-73.8949298213347
156,882a100a5bfffff,2.124647034444278e-05,40.88999625085142,-73.89248945407833
157,882a100a5dfffff,3.494043193899508e-06,40.90024248383187,-73.90575246418544
158,882a100a81fffff,0.0002129888099235127,40.836425667265026,-73.91622327239955
159,882a100a83fffff,0.0003586187384282217,40.828550876272985,-73.91378248473355
160,882a100a85fffff,0.0003412784291928563,40.83878660877818,-73.92703300051946
161,882a100a87fffff,0.0004313172345741128,40.83091177801377,-73.92459025507257
162,882a100a89fffff,0.0001629567991124055,40.84193929388881,-73.90785437873004
163,882a100a8bfffff,0.0001809466420184317,40.83406380663563,-73.905414725091
164,882a100a8dfffff,0.00028038352768276667,40.844301194513214,-73.91866488424684
165,882a100a91fffff,0.00023201342716003991,40.81831504181259,-73.90053788794832
166,882a100a93fffff,0.00021193611742278655,40.810441764717446,-73.8981007036288
167,882a100a95fffff,0.00042359450320708365,40.820676821774676,-73.91134252084045
168,882a100a97fffff,0.00033964339615981355,40.8128035040075,-73.90890338031213
169,882a100a99fffff,9.872911794044251e-05,40.82382631715807,-73.89217048634661
170,882a100a9bfffff,0.00011195272756658527,40.81595234400097,-73.88973443596365
171,882a100a9dfffff,0.0002652471533850918,40.82618905586441,-73.90297589496645
172,882a100aa1fffff,0.0002873492163577843,40.835630824012625,-73.94620933516283
173,882a100aa3fffff,0.00047458961566779147,40.827756650865005,-73.94376349920987
174,882a100aa5fffff,0.00021869126759765893,40.83798896753131,-73.95702064376115
175,882a100aa7fffff,0.0003213220671046226,40.83011475573099,-73.95457284997782
176,882a100aa9fffff,0.0003162960203564748,40.84114663080508,-73.9378439088746
177,882a100aabfffff,0.0003971159271569042,40.83327176071692,-73.93539920540775
178,882a100aadfffff,0.00023215677252184095,40.843505732975906,-73.94865599688835
179,882a100ab1fffff,0.0007682236302320385,40.81752422890385,-73.93051227338316
180,882a100ab3fffff,0.0006367356175775101,40.80965156765417,-73.92807004400815
181,882a100ab5fffff,0.0008264397652934719,40.81988321377091,-73.94131848862035
182,882a100ab7fffff,0.0007889123975282243,40.81201051296795,-73.93887430298544
183,882a100ab9fffff,0.0005035632969218195,40.82303768351727,-73.9221483340651
184,882a100abbfffff,0.0005479734818247936,40.815164325526204,-73.91970723708859
185,882a100abdfffff,0.0006282872003163633,40.82539762667059,-73.93295532704686
186,882a100ac1fffff,0.0001374816405948331,40.85532957686146,-73.90192291635685
187,882a100ac3fffff,0.00017447370302460508,40.84745265734938,-73.89948357376652
188,882a100ac5fffff,0.00021152847905016496,40.85769247689023,-73.91273615818517
189,882a100ac7fffff,0.0001913167830362232,40.84981551738629,-73.91029485629191
190,882a100ac9fffff,0.00015176690180681454,40.86084337240267,-73.89354906414414
191,882a100acbfffff,0.00021403702288168256,40.8529657571109,-73.8911108572116
192,882a100acdfffff,0.0001482997358682527,40.86320723236801,-73.90436308301975
193,882a100ad1fffff,0.00014614059635612508,40.83721273542623,-73.88623691315279
194,882a100ad3fffff,0.0001235637018724667,40.82933732950865,-73.88380117521034
195,882a100ad5fffff,0.0001651024999968643,40.839576474069695,-73.89704505484018
196,882a100ad7fffff,0.0001442054339718115,40.83170102726008,-73.89460735916954
197,882a100ad9fffff,0.00018163649157209907,40.842724179827236,-73.87786455661951
198,882a100adbfffff,0.00014614059635612508,40.83484807832892,-73.87542995424305
199,882a100addfffff,0.00020836592200543027,40.845088878039505,-73.88867347368388
200,882a100ae1fffff,0.00020784629506890163,40.8545384781595,-73.93192096636656
201,882a100ae3fffff,0.000320995060498014,40.84666217557272,-73.92947657081447
202,882a100ae5fffff,0.00016018844181262361,40.85689857815535,-73.94273579276252
203,882a100ae7fffff,0.0002246401001124007,40.849022236697245,-73.9402894378564
204,882a100ae9fffff,0.00020167796496890213,40.86005445682667,-73.92355058212016
205,882a100aebfffff,0.0002578379899970023,40.85217745777977,-73.92110732068406
206,882a100aedfffff,0.00013433700172032353,40.86241551630037,-73.934366187585
207,882a100c01fffff,0.00010272486990064554,40.72624570052828,-73.88212706011622
208,882a100c03fffff,3.830008885620614e-05,40.718381241982044,-73.87969776822736
209,882a100c05fffff,9.575022214051536e-05,40.728606064727124,-73.8929094398404
210,882a100c07fffff,2.650097376296088e-05,40.720741563259324,-73.89047819947287
211,882a100c09fffff,0.00010791218018081942,40.73174957844375,-73.87377401932848
212,882a100c0bfffff,6.563425753463537e-05,40.72388442347636,-73.8713458578538
213,882a100c0dfffff,0.0001899146862161071,40.734110898639436,-73.88455717049288
214,882a100c11fffff,7.135911292156304e-06,40.708156333142746,-73.86649198797637
215,882a100c13fffff,2.412233666557545e-05,40.700293398245826,-73.86406627876512
216,882a100c15fffff,5.375451067537705e-06,40.71051752323563,-73.87726929442161
217,882a100c17fffff,1.8370604023310107e-05,40.70265454452374,-73.87484163829446
218,882a100c19fffff,0.00011409394890848779,40.713657862575296,-73.85814043797455
219,882a100c1bfffff,2.2563455855989516e-05,40.70579423145749,-73.85571585908458
220,882a100c1dfffff,3.528983625838503e-05,40.71602000829778,-73.86891851420457
221,882a100c21fffff,3.7628157472763935e-06,40.72545946711864,-73.91204259134922
222,882a100c23fffff,3.279025151198e-05,40.71759562027398,-73.90960827337803
223,882a100c25fffff,1.3331118647493509e-05,40.727817048963885,-73.92282655083757
224,882a100c27fffff,2.6948928018589028e-05,40.71995316031207,-73.92039028433493
225,882a100c29fffff,5.180590966339463e-05,40.730965515704185,-73.90369299645536
226,882a100c2bfffff,5.375451067537705e-06,40.72310097176101,-73.90125980737047
227,882a100c2dfffff,1.5897896532242763e-05,40.73332405309092,-73.91447772938976
228,882a100c31fffff,4.639014271285039e-05,40.7073741021652,-73.89639588701733
229,882a100c33fffff,5.284068399389564e-05,40.6995117769823,-73.89396515493917
230,882a100c35fffff,8.170685622657313e-05,40.70973251279204,-73.90717477507079
231,882a100c37fffff,0.00010187823635750837,40.70187014490773,-73.90474209602236
232,882a100c39fffff,1.8599060693680458e-05,40.71287780136745,-73.88804777785047
233,882a100c3bfffff,2.5372129038777968e-05,40.70501477928633,-73.88561817456846
234,882a100c3dfffff,2.569465610283023e-05,40.7152371671697,-73.89882743769284
235,882a100c41fffff,0.0001902506519078282,40.74511978717058,-73.867846925167
236,882a100c43fffff,0.00011307261320565561,40.73725319647277,-73.86541907681531
237,882a100c45fffff,0.00018693131087362365,40.74748210680493,-73.87863279737306
238,882a100c47fffff,0.00019507511924094328,40.73961547296498,-73.87620299903324
239,882a100c49fffff,3.940205632505138e-05,40.75062384072295,-73.8594889485998
240,882a100c4bfffff,7.46918925834364e-05,40.74275655408224,-73.85706223228271
241,882a100c4dfffff,0.00015732601411915978,40.75298711717589,-73.87027559189559
242,882a100c51fffff,0.00013521947160391096,40.72702419963023,-73.85221125238502
243,882a100c53fffff,0.00019461820590020262,40.71915913228883,-73.84978698799557
244,882a100c55fffff,0.0001655638928801613,40.72938734531765,-73.86299204643572
245,882a100c57fffff,0.00013521947160391096,40.72152223394021,-73.86056583362358
246,882a100c59fffff,0.00011409394890848779,40.73252590483494,-73.84385477019543
247,882a100c5bfffff,0.00019461820590020262,40.72466014175072,-73.84143163774627
248,882a100c5dfffff,0.00016706901917907185,40.734890006972996,-73.85463633367928
249,882a100c61fffff,0.0001846333055422513,40.74433728545015,-73.89777437843128
250,882a100c63fffff,0.00018929650934334028,40.7364713055358,-73.89534149935811
251,882a100c65fffff,0.0002126662828594604,40.74669682070519,-73.9085618344685
252,882a100c67fffff,0.00015501457016011853,40.73883079876403,-73.90612700535284
253,882a100c69fffff,0.00018452579652090056,40.749843512616,-73.88941984832974
254,882a100c6bfffff,0.0001891890003219895,40.74197683608044,-73.8869880997623
255,882a100c6dfffff,0.00018334319728604228,40.75220400423473,-73.90020807746548
256,882a100c81fffff,0.00043289851309648015,40.67121003470867,-73.86513918249219
257,882a100c83fffff,0.0002972758826625039,40.663350759683155,-73.8627156087005
258,882a100c85fffff,0.00035659846473533877,40.673570093759466,-73.8759079367579
259,882a100c87fffff,0.0003391103305956161,40.66571077424798,-73.87348241911532
260,882a100c89fffff,0.0005251994874686588,40.676709037446564,-73.85679404919529
261,882a100c8bfffff,0.0005655153704751917,40.668849065923894,-73.85437160401548
262,882a100c8dfffff,0.00044782882843656614,40.67907005093931,-73.86756357194415
263,882a100c91fffff,7.066030428278312e-05,40.65313134739607,-73.84952915825367
264,882a100c99fffff,0.00014910605352838336,40.6586280030544,-73.84118551508878
265,882a100c9bfffff,7.066030428278312e-05,40.6507695602195,-73.83876664221967
266,882a100c9dfffff,0.000263468774990248,40.66098983582925,-73.8519499738358
267,882a100ca1fffff,0.00020693918770125466,40.67042807403864,-73.89501956432314
268,882a100ca3fffff,0.00016102611627064823,40.66256940765964,-73.89259097550078
269,882a100ca5fffff,0.0003444835418918757,40.672785358528955,-73.90578989797876
270,882a100ca7fffff,0.00017229440557097416,40.66492664877579,-73.90335936525116
271,882a100ca9fffff,0.00029654795699710816,40.67592924270822,-73.88667786624426
272,882a100cabfffff,0.00025599689800637063,40.668069879155745,-73.88425040451236
273,882a100cadfffff,0.00018760100248578775,40.67828748118703,-73.8974489703825
274,882a100cb1fffff,1.4244945328974916e-05,40.652353375262365,-73.87939793037661
275,882a100cb3fffff,5.912996174291475e-07,40.644496235388495,-73.87697291716648
276,882a100cb5fffff,6.775756070631277e-05,40.65471148228378,-73.89016320351188
277,882a100cb7fffff,1.4244945328974916e-05,40.64685429814461,-73.88773624795311
278,882a100cb9fffff,7.481284023245601e-05,40.65785219595223,-73.87105771739
279,882a100cbdfffff,0.00011144653925772547,40.66021125659593,-73.88182375935754
280,882a100cc1fffff,0.00038461352388232284,40.690069190900715,-73.85086914996673
281,882a100cc3fffff,0.00045875891227389285,40.68220778193005,-73.84844701893198
282,882a100cc5fffff,0.00037398356939626705,40.692431203841416,-73.86164138616687
283,882a100cc7fffff,0.00045008651788493187,40.68456975016367,-73.85921730977805
284,882a100cc9fffff,0.00014621226903702557,40.69556837261858,-73.84251909221747
285,882a100ccbfffff,0.0003390207397444904,40.68770626762742,-73.8400980914098
286,882a100ccdfffff,0.00013487006728452101,40.697931340821214,-73.85329209654982
287,882a100cd1fffff,0.0003858006026597373,40.67198428139719,-73.83525853405374
288,882a100cd3fffff,0.00016179211804777233,40.664124400625354,-73.83283997670016
289,882a100cd5fffff,0.0005130912839390302,40.67434711414303,-73.84602570304256
290,882a100cd7fffff,0.0003826022092745524,40.666487187773335,-73.84360520189567
291,882a100cd9fffff,0.00027143788119787267,40.67748111616935,-73.82690997001825
292,882a100cdbfffff,0.00016499051143295727,40.669620539577615,-73.82449254279622
293,882a100cddfffff,0.00039692778636954033,40.679844903809055,-73.83767790548949
294,882a100ce1fffff,0.00024407683526410582,40.689290955494755,-73.8807614214078
295,882a100ce3fffff,0.00035878896104536045,40.68143015425303,-73.87833427072088
296,882a100ce5fffff,0.0001170482072243554,40.691650191855615,-73.89153524105373
297,882a100ce7fffff,0.00027902398651693535,40.68378934701952,-73.88910614495678
298,882a100ce9fffff,0.00014984069850761355,40.69479230608087,-73.87241479944173
299,882a100cebfffff,0.00044782882843656614,40.68693080814136,-73.86998877745954
300,882a100cedfffff,5.437268754814388e-05,40.69715249725061,-73.88318938922232
301,882a100d01fffff,0.00030916682837815295,40.742749059368165,-73.95762841287764
302,882a100d03fffff,0.000121626299716875,40.734884309744096,-73.95518547663882
303,882a100d05fffff,0.0005810081243799514,40.745103023279746,-73.96841901882223
304,882a100d07fffff,0.0001756975140509811,40.73723823385932,-73.96597413244179
305,882a100d09fffff,0.000340048794761157,40.74825962762469,-73.94928078918478
306,882a100d0bfffff,0.00026772210064743724,40.74039418002557,-73.94683898038863
307,882a100d0dfffff,0.0005644396403270333,40.75061454698532,-73.9600721722415
308,882a100d11fffff,4.8155082480025274e-05,40.72466549971745,-73.94195782977722
309,882a100d13fffff,0.00016515177496498343,40.71680226747969,-73.93951848714897
310,882a100d15fffff,4.507315720130365e-05,40.72702029834894,-73.95274336311812
311,882a100d17fffff,0.00011919166833753605,40.71915702541839,-73.95030207190884
312,882a100d19fffff,0.00010089049722384831,40.73017371692856,-73.93361168526364
313,882a100d1bfffff,3.9285588218588056e-05,40.72230978691589,-73.931173469992
314,882a100d1dfffff,0.0001311946026170921,40.73252947064458,-73.944397994055
315,882a100d21fffff,0.0007629301867900132,40.74194333566659,-73.98755496140967
316,882a100d23fffff,0.0006368352873993873,40.73407920554712,-73.98510699874309
317,882a100d25fffff,0.0006966508751272733,40.74429451262381,-73.99834713342568
318,882a100d27fffff,0.0006368352873993873,40.73643034382312,-73.9958972205727
319,882a100d29fffff,0.0006400229618791696,40.74745607139259,-73.97921079764828
320,882a100d2bfffff,0.0005316178080400314,40.73959124262263,-73.97676396089015
321,882a100d2dfffff,0.0006992940292126072,40.74980820333917,-73.99000374878119
322,882a100d31fffff,0.0003761138158589066,40.723863798654364,-73.97187275909452
323,882a100d33fffff,0.000407319429191602,40.716001183927766,-73.9694283932427
324,882a100d35fffff,0.0006081783098040881,40.72621581321689,-73.98265986037386
325,882a100d37fffff,0.0005689926153845051,40.71835315891178,-73.9802135458946
326,882a100d39fffff,7.284632105024847e-05,40.72937418244272,-73.96353006944172
327,882a100d3bfffff,7.407371571066957e-05,40.72151086926578,-73.96108682941502
328,882a100d3dfffff,0.0003095845457215262,40.73172715163124,-73.97431794817466
329,882a100d41fffff,0.0003794553306287647,40.761636821408416,-73.94337276435117
330,882a100d43fffff,0.00030626408480168254,40.75376993809561,-73.94093126106601
331,882a100d45fffff,0.000769059064918785,40.763992736533424,-73.95416687579231
332,882a100d47fffff,0.0004841534390254523,40.75612581320601,-73.9517234208503
333,882a100d49fffff,0.00022076081625866097,40.76714757105889,-73.93502020244684
334,882a100d4bfffff,0.0003189635879487404,40.75927999024754,-73.93257982822426
335,882a100d4dfffff,0.0003650692797092669,40.76950444245629,-73.94581509065677
336,882a100d51fffff,0.00023619508013632861,40.74354704274162,-73.92770154644333
337,882a100d53fffff,0.00011032441384737696,40.73568167651889,-73.92526363807171
338,882a100d55fffff,0.0003065866118657348,40.74590379275409,-73.9384905803942
339,882a100d57fffff,0.0001913503796053953,40.738038385619824,-73.93605072192891
340,882a100d59fffff,0.00022022999046574163,40.74905544147681,-73.91935046730184
341,882a100d5bfffff,0.00016002045896676304,40.74118937795548,-73.91691368790532
342,882a100d5dfffff,0.0003265967284646439,40.75141314739644,-73.93014027635869
343,882a100d61fffff,0.0010128499133874047,40.76083481518791,-73.97331126335345
344,882a100d63fffff,0.0009630920505807419,40.75296855046801,-73.97086472899028
345,882a100d65fffff,0.0009226095285911158,40.7631879413235,-73.98410694492298
346,882a100d67fffff,0.0008573479689971627,40.75532163770501,-73.98165845885663
347,882a100d69fffff,0.0009902931768452495,40.76634773525436,-73.96496216197336
348,882a100d6bfffff,0.0008041189086636375,40.75848077235946,-73.96251675513757
349,882a100d6dfffff,0.0009674004746113734,40.76870181720305,-73.97575862231949
350,882a100d81fffff,0.0006162954648931979,40.68771132304886,-73.94054512206202
351,882a100d83fffff,0.0005013548824415729,40.6798517459696,-73.93810793631913
352,882a100d85fffff,0.0004678210268652502,40.69006500366385,-73.95132209091157
353,882a100d87fffff,0.0006004737205844119,40.68220538521549,-73.94888295965622
354,882a100d89fffff,0.0005688750273924028,40.69321700525515,-73.93220538510187
355,882a100d8bfffff,0.0005720487832935283,40.68535673012638,-73.92976932501348
356,882a100d8dfffff,0.0004584498238375094,40.69557163976816,-73.94298312808695
357,882a100d91fffff,0.0003434711652741561,40.669638399695685,-73.92489966329701
358,882a100d93fffff,0.00030559439318951856,40.66178034486231,-73.92246606085962
359,882a100d95fffff,0.0005072544399881955,40.671992908764935,-73.93567157045317
360,882a100d97fffff,0.00039137315359975144,40.664134811669136,-73.93323602405931
361,882a100d99fffff,0.0003819638744602823,40.675141732259135,-73.91656140490991
362,882a100d9bfffff,0.0003754461400408929,40.66728297957692,-73.9141289280397
363,882a100d9dfffff,0.00048655223406434095,40.677497194861765,-73.92733408454679
364,882a100da1fffff,0.0007301107862546848,40.686909926653655,-73.97043651873959
365,882a100da3fffff,0.0007990697602745923,40.67905096600581,-73.96799431760914
366,882a100da5fffff,0.0007923786675582748,40.689260828112396,-73.98121505334213
367,882a100da7fffff,0.0006730772504281098,40.68140182720796,-73.9787709066528
368,882a100da9fffff,0.0006494306411820115,40.69241777160427,-73.96210023099063
369,882a100dabfffff,0.0006274853621987888,40.68455811223246,-73.95965915398692
370,882a100dadfffff,0.0007919755087282095,40.694769626503216,-73.97287954172717
371,882a100db1fffff,0.00047564678771107386,40.66884101200191,-73.9547794631652
372,882a100db3fffff,0.00034509051990825186,40.660983571612164,-73.95234084853651
373,882a100db5fffff,0.000631449757361098,40.67119274479437,-73.96555293793008
374,882a100db7fffff,0.0004542793697176115,40.663335263253906,-73.96311237929686
375,882a100db9fffff,0.0006233910603023477,40.67434650641759,-73.94644464893786
376,882a100dbbfffff,0.0006155294631160737,40.66648836750461,-73.94400715835131
377,882a100dbdfffff,0.0006347825370229713,40.676699192286804,-73.95721889818024
378,882a100dc1fffff,0.00022230625844057807,40.70658414386775,-73.92629950200593
379,882a100dc3fffff,0.00022334103277107907,40.69872243130249,-73.92386374848019
380,882a100dc5fffff,0.0002424238840608379,40.70893977416665,-73.9370799657642
381,882a100dc7fffff,0.00028995631012554006,40.70107802001349,-73.93464226521701
382,882a100dc9fffff,0.0001333828591558356,40.71209001079872,-73.91795483815807
383,882a100dcbfffff,0.0001586877950562693,40.704227600658854,-73.91552021190157
384,882a100dcdfffff,0.0001485953856769673,40.71444659581722,-73.92873607570803
385,882a100dd1fffff,0.0003131581007957997,40.68850499943893,-73.91065341752899
386,882a100dd3fffff,0.00028757095371432026,40.68064480882804,-73.90822124860331
387,882a100dd5fffff,0.00037186698553842403,40.69086145835625,-73.92142881472554
388,882a100dd7fffff,0.00034401318992346617,40.683001225263666,-73.91899470033704
389,882a100dd9fffff,0.00014654599495746856,40.694008516855796,-73.90231023582788
390,882a100ddbfffff,0.00014075394643219664,40.68614762887078,-73.89987919408271
391,882a100dddfffff,0.0001985355658656707,40.69636593012738,-73.91308640516017
392,882a100de1fffff,0.00024124128482597965,40.705786458573066,-73.95620281665516
393,882a100de3fffff,0.0004385561753450637,40.69792536152798,-73.95376204310934
394,882a100de5fffff,0.0003878925490335208,40.708139307687,-73.9669848502124
395,882a100de7fffff,0.00046549614427854005,40.700278170167444,-73.96454212959713
396,882a100de9fffff,0.0002063546073976599,40.71129449118792,-73.9478616026046
397,882a100debfffff,0.0002873895322407908,40.70343269589282,-73.94542195479927
398,882a100dedfffff,0.00013155520579287276,40.713648294564074,-73.95864441195499
399,882a100e01fffff,1.075090213507541e-06,40.764767369657015,-73.8236158280825
400,882a100e03fffff,1.075090213507541e-06,40.75689804107122,-73.82119446339969
401,882a100e05fffff,1.075090213507541e-06,40.76713443212519,-73.83440359975229
402,882a100e07fffff,1.075090213507541e-06,40.75926505905994,-73.83198028363003
403,882a100e09fffff,0.0,40.77026941716672,-73.81524946904793
404,882a100e0bfffff,0.0,40.76239939379774,-73.8128292395504
405,882a100e0dfffff,0.0,40.77263743772842,-73.82603800944202
406,882a100e15fffff,1.075090213507541e-06,40.74902945220627,-73.81877391498925
407,882a100e1dfffff,0.0,40.754530110138006,-73.81040982606521
408,882a100e21fffff,6.2355232383437375e-06,40.76399635472309,-73.85355547049808
409,882a100e23fffff,6.2355232383437375e-06,40.756127633088596,-73.85112906903755
410,882a100e25fffff,5.160433024836196e-06,40.766360631657484,-73.86434483599453
411,882a100e27fffff,9.057635048801033e-06,40.75849186665983,-73.86191648303539
412,882a100e29fffff,1.075090213507541e-06,40.76950058083185,-73.8451925539895
413,882a100e2bfffff,2.580216512418098e-06,40.76163116373393,-73.84276728618629
414,882a100e31fffff,2.580216512418098e-06,40.7458945475934,-73.8379192029769
415,882a100e33fffff,0.00010336992402875007,40.73802734902132,-73.83549638676162
416,882a100e35fffff,6.2355232383437375e-06,40.7482596507389,-73.84870348543673
417,882a100e37fffff,0.00011667416542090588,40.740392407909304,-73.84627871929085
418,882a100e39fffff,1.075090213507541e-06,40.751396425491876,-73.82955778444422
419,882a100e3bfffff,1.075090213507541e-06,40.74352853165622,-73.8271361017905
420,882a100e3dfffff,2.580216512418098e-06,40.75376248590932,-73.84034283598366
421,882a100e63fffff,0.0,40.77500454445219,-73.83682773321567
422,882a100e81fffff,0.0001567481531293995,40.70969761191558,-73.80668340289009
423,882a100e83fffff,7.622389613768467e-05,40.70183346630577,-73.80426774363791
424,882a100e85fffff,0.00016104851398342966,40.712064358335226,-73.81745752841822
425,882a100e87fffff,0.00016104851398342966,40.70420016668313,-73.81503992236846
426,882a100e89fffff,7.490691062613792e-05,40.71519479570093,-73.79832498469345
427,882a100e8bfffff,7.490691062613792e-05,40.70732995522773,-73.79591045880738
428,882a100e8dfffff,0.00015543116761785274,40.717562498653834,-73.80909987599422
429,882a100e91fffff,1.0885288411763852e-05,40.69160249856854,-73.79108384620253
430,882a100e95fffff,5.044860826884136e-05,40.69397006205834,-73.80185289783518
431,882a100e97fffff,5.64422362091459e-06,40.68610739940706,-73.79943886507967
432,882a100e99fffff,1.0885288411763852e-05,40.69709733645258,-73.78272693035508
433,882a100e9dfffff,4.913162275729462e-05,40.69946585610567,-73.79349674611115
434,882a100ea1fffff,0.0002326226449476942,40.70893083649137,-73.83658782117104
435,882a100ea3fffff,0.00014368580703528287,40.701067294785126,-73.83416713623781
436,882a100ea5fffff,0.00019045223132286088,40.71129480518348,-73.84736354010698
437,882a100ea7fffff,0.00010440469835925108,40.70343121854863,-73.84494090831545
438,882a100ea9fffff,0.0002500928609171917,40.71443019411701,-73.82823283482404
439,882a100eabfffff,0.00015914022885445375,40.70656595686815,-73.82581328173542
440,882a100eadfffff,0.0002128947395298308,40.71679511889135,-73.83900932153936
441,882a100eb1fffff,4.792214626709863e-05,40.690839705354804,-73.82097661947495
442,882a100eb3fffff,9.564719266172089e-05,40.68297769155815,-73.8185595094976
443,882a100eb5fffff,0.00015651969645902913,40.69320449400679,-73.83174726633652
444,882a100eb7fffff,0.00021752210699046948,40.68534243439027,-73.82932821106422
445,882a100eb9fffff,8.372265037689977e-05,40.6963367161707,-73.81262313043
446,882a100ebbfffff,2.7602941231806113e-05,40.68847400703181,-73.81020715220029
447,882a100ebdfffff,0.00016233862223963868,40.698702460536076,-73.82339454342004
448,882a100ec1fffff,0.0,40.7285579937147,-73.79237887265919
449,882a100ec3fffff,2.604406042222018e-05,40.72069171750652,-73.78996466748718
450,882a100ec7fffff,5.181934829106348e-05,40.723060377291276,-73.80074032417174
451,882a100ecbfffff,0.0,40.72618837679956,-73.78160245098022
452,882a100ed1fffff,5.241064790849262e-06,40.71045665913347,-73.7767787494232
453,882a100ed3fffff,5.241064790849262e-06,40.70259191252692,-73.77436811724687
454,882a100ed5fffff,3.168828404313477e-05,40.71282618240411,-73.78755127564737
455,882a100ed7fffff,3.168828404313477e-05,40.704961388641514,-73.78513869673739
456,882a100ed9fffff,0.0,40.71595166704897,-73.76841690387816
457,882a100edbfffff,0.0,40.7080862262592,-73.76600740658765
458,882a100eddfffff,5.241064790849262e-06,40.71832214730232,-73.77919019386697
459,882a100ee1fffff,0.00020622918020608404,40.727794964122005,-73.82229518446319
460,882a100ee3fffff,0.00024447551455161477,40.719929290892935,-73.8198759489821
461,882a100ee5fffff,0.00018281909080695736,40.730160890428074,-73.8330743869336
462,882a100ee7fffff,0.00020859437867580064,40.72229517204845,-73.83065320308896
463,882a100eebfffff,0.00012710254049192902,40.72542812628646,-73.81151716335307
464,882a100eedfffff,9.992963534552593e-05,40.735661377787984,-73.82471523526478
465,882a100f01fffff,4.192851832679409e-06,40.78131760499156,-73.89915504369341
466,882a100f03fffff,4.192851832679409e-06,40.77344797443439,-73.89672001387635
467,882a100f05fffff,4.192851832679409e-06,40.78367826336037,-73.9099510813327
468,882a100f07fffff,1.4459963371676423e-05,40.77580859145285,-73.90751409839365
469,882a100f09fffff,0.0,40.786826357541884,-73.89079408278783
470,882a100f0bfffff,0.0,40.77895603064226,-73.88836018519
471,882a100f0dfffff,2.2146858398255344e-05,40.78918797346397,-73.90159089483858
472,882a100f11fffff,8.967596243419777e-05,40.763217591499426,-73.88349485157869
473,882a100f13fffff,0.0001658057881782005,40.75534947972826,-73.88106341475306
474,882a100f15fffff,0.00010385371462482847,40.76557908202875,-73.89428580498087
475,882a100f17fffff,0.0001541813752446502,40.75771092801068,-73.89185241660067
476,882a100f19fffff,3.655306725925639e-06,40.768723994167246,-73.87513538210432
477,882a100f1bfffff,8.752578200718268e-05,40.760855186253316,-73.87270507740624
478,882a100f1dfffff,0.0,40.77108644188272,-73.88592710825569
479,882a100f21fffff,3.4053482512851364e-05,40.780527077413275,-73.92910580182499
480,882a100f23fffff,6.810696502570271e-05,40.772658061623666,-73.9266657348402
481,882a100f25fffff,0.00017532033656774226,40.78288494561719,-73.93990341959133
482,882a100f27fffff,0.00019692964985924382,40.775015889594236,-73.93746139943343
483,882a100f29fffff,1.1933501369933704e-05,40.78603800537934,-73.92074829753432
484,882a100f2bfffff,1.4459963371676423e-05,40.77816829256886,-73.9183093612344
485,882a100f2dfffff,0.00016951484941480155,40.78839683067928,-73.93154669172426
486,882a100f31fffff,0.00011211847064116767,40.762431080288984,-73.91343395497813
487,882a100f33fffff,0.0002037967885980232,40.75456358129208,-73.91099748420822
488,882a100f35fffff,0.0001385164149253341,40.764789783546895,-73.9242264903627
489,882a100f37fffff,0.00021959837496530592,40.756922243419254,-73.92178806798547
490,882a100f39fffff,6.363190201197758e-05,40.76793965747198,-73.90507793704046
491,882a100f3bfffff,0.00015176242226425823,40.76007146165395,-73.90264259686651
492,882a100f3dfffff,7.610294848866506e-05,40.770299317459965,-73.91587124718465
493,882a100f41fffff,2.2146858398255344e-05,40.80020660946984,-73.88486480088794
494,882a100f45fffff,9.068385950936106e-05,40.80256922481606,-73.89566434160035
495,882a100f47fffff,2.2146858398255344e-05,40.794697422345315,-73.89322880145569
496,882a100f4dfffff,8.811260208205554e-05,40.80807910802591,-73.88729920761315
497,882a100f61fffff,0.0003713227211178358,40.79941982000956,-73.91482751359607
498,882a100f63fffff,4.70620740962926e-05,40.79154867295813,-73.91238888626445
499,882a100f65fffff,0.0005478525341757742,40.80177964315881,-73.92562863851361
500,882a100f67fffff,0.00026599075744943447,40.79390845565489,-73.92318805649158
501,882a100f69fffff,0.00025085886269431585,40.80493092320869,-73.90646506274072
502,882a100f6bfffff,7.020339094204242e-05,40.797059079615224,-73.90402756771866
503,882a100f6dfffff,0.0005042576260180432,40.80729170427792,-73.91726696373487
504,882a101891fffff,7.767526792591982e-06,40.91205605887716,-73.85895360024027
505,882a101893fffff,2.308756233507444e-05,40.90417276117029,-73.85651861313804
506,882a101897fffff,2.308756233507444e-05,40.90654150732045,-73.86734043714344
507,882a101899fffff,0.0,40.91757034257155,-73.85056484721255
508,882a10189bfffff,7.767526792591982e-06,40.909686350536404,-73.84813100067504
509,882a1018b3fffff,0.0,40.90339355131771,-73.88654759295024
510,882a1018b7fffff,0.0,40.905759492442584,-73.89737101378114
511,882a103801fffff,6.638682068409066e-05,40.599667122241506,-73.77293805110415
512,882a103803fffff,6.638682068409066e-05,40.59181337690473,-73.77053374363484
513,882a103805fffff,9.904268591938222e-05,40.60203320385235,-73.78368498158022
514,882a103807fffff,9.904268591938222e-05,40.59417940936785,-73.78127873655059
515,882a103809fffff,4.0047110453155904e-05,40.60515457693599,-73.76459547642644
516,882a10380bfffff,4.0047110453155904e-05,40.59730013658335,-73.76219229869344
517,882a10380dfffff,4.0047110453155904e-05,40.607521611964195,-73.775343166814
518,882a103811fffff,2.0131064247928705e-05,40.58159348992913,-73.75738836557726
519,882a103815fffff,6.638682068409066e-05,40.58396037618508,-73.76813024400715
520,882a103817fffff,1.3384873158168884e-05,40.576108120313606,-73.76572755182251
521,882a103819fffff,2.0131064247928705e-05,40.587078601534216,-73.74904729183751
522,882a10381dfffff,4.0047110453155904e-05,40.58944644083737,-73.75978992854321
523,882a103821fffff,0.00016006749416360398,40.59890876200825,-73.80277225360516
524,882a103823fffff,9.529330879977466e-05,40.59105561451215,-73.80036294254681
525,882a103825fffff,0.00011381173772744208,40.60127208144933,-73.81352077661818
526,882a103827fffff,0.00014679013002678588,40.593418885914005,-73.81110952793563
527,882a103829fffff,0.00014368580703528284,40.60439838104746,-73.79443308955904
528,882a10382bfffff,9.229649482962238e-05,40.596544537858406,-73.79202490672826
529,882a10382dfffff,9.74300505991209e-05,40.606762653458595,-73.80518237447758
530,882a103831fffff,9.229649482962238e-05,40.58083908423779,-73.7872109681371
531,882a103833fffff,2.6339710230934753e-05,40.57298747426867,-73.78480521157849
532,882a103835fffff,9.529330879977466e-05,40.5832032112018,-73.79795444090296
533,882a103837fffff,5.899557546622631e-05,40.57535155230844,-73.79554674827428
534,882a103839fffff,9.904268591938222e-05,40.586326359279695,-73.77887330002004
535,882a10383bfffff,5.964062959433084e-05,40.578474053819065,-73.77646867158964
536,882a10383dfffff,9.229649482962238e-05,40.58869143884474,-73.78961753305403
537,882a103841fffff,0.0,40.618497652421624,-73.75865386727314
538,882a103843fffff,6.746191089759819e-06,40.61064177292136,-73.75625101222936
539,882a103847fffff,6.746191089759819e-06,40.61300976166399,-73.7669994621411
540,882a10384bfffff,0.0,40.616128709667585,-73.74790465822497
541,882a103851fffff,6.746191089759819e-06,40.60041779488255,-73.74310363282058
542,882a103853fffff,6.746191089759819e-06,40.592563454599365,-73.74070433031609
543,882a103855fffff,2.0131064247928705e-05,40.602786637785854,-73.75384896490796
544,882a103857fffff,2.0131064247928705e-05,40.594932247246426,-73.75144772491018
545,882a103859fffff,0.0,40.60590308321596,-73.73475765198715
546,882a10385bfffff,0.0,40.59804804859499,-73.73235948072592
547,882a10385dfffff,6.746191089759819e-06,40.608272879982366,-73.74550374199075
548,882a103863fffff,1.99160462052272e-05,40.60988774250183,-73.78609203550813
549,882a103865fffff,6.477418536382935e-05,40.620108299025546,-73.7992518842886
550,882a103867fffff,6.477418536382935e-05,40.61225296818041,-73.79684208194591
551,882a10390bfffff,6.477418536382935e-05,40.613850038307554,-73.8374372852342
552,882a103911fffff,8.779455456055956e-05,40.598142714449914,-73.83260622414801
553,882a103913fffff,2.302036919673022e-05,40.59029016768779,-73.83019191088455
554,882a103917fffff,2.302036919673022e-05,40.59265067715589,-73.84094008289539
555,882a103919fffff,8.11558724921505e-05,40.60363449581376,-73.82427047520372
556,882a10391bfffff,0.00012045041979585114,40.59578125268247,-73.82185728865727
557,882a10391dfffff,6.477418536382935e-05,40.6059960047338,-73.83502134879774
558,882a103951fffff,6.477418536382935e-05,40.61698070348714,-73.8183457057982
559,882a103953fffff,6.477418536382935e-05,40.60912602071762,-73.81593283577232
560,882a103955fffff,6.477418536382935e-05,40.619343212378965,-73.82909928208456
561,882a103957fffff,6.477418536382935e-05,40.61148848245656,-73.82668447287932
562,882a103959fffff,6.477418536382935e-05,40.62247266729536,-73.81000504726413
563,882a10395bfffff,6.477418536382935e-05,40.614617288631585,-73.80759330556387
564,882a10395dfffff,6.477418536382935e-05,40.62483612952587,-73.8207593870962
565,882a103981fffff,0.0,40.561247740018544,-73.83128319152982
566,882a103985fffff,0.0,40.563607156028816,-73.84202479181553
567,882a103989fffff,6.6386820684090655e-06,40.566736990847794,-73.82295383541035
568,882a10398dfffff,6.6386820684090655e-06,40.56909735819487,-73.83369619830711
569,882a1039a9fffff,0.0,40.56596566815156,-73.85276756398582
570,882a1039c1fffff,5.567623443202178e-05,40.580076997881214,-73.8170333473513
571,882a1039c3fffff,2.302036919673022e-05,40.57222598667411,-73.81462259179217
572,882a1039c5fffff,2.302036919673022e-05,40.58243836467912,-73.82777840860706
573,882a1039c7fffff,2.302036919673022e-05,40.57458730565535,-73.82536571691558
574,882a1039c9fffff,8.201594466295652e-05,40.585566434343264,-73.80869908932479
575,882a1039cbfffff,8.201594466295652e-05,40.577714726968495,-73.80628946038604
576,882a1039cdfffff,5.567623443202178e-05,40.58792875329445,-73.81944491283977
577,882a1039e1fffff,6.6386820684090655e-06,40.57930723113313,-73.84685548706362
578,882a1039e3fffff,6.6386820684090655e-06,40.57145682157852,-73.84443973389013
579,882a1039e5fffff,0.0,40.58166583689556,-73.85760213096083
580,882a1039e7fffff,0.0,40.57381538063184,-73.85518444159582
581,882a1039e9fffff,2.302036919673022e-05,40.58479882699488,-73.83852464358996
582,882a1039ebfffff,2.302036919673022e-05,40.57694772059739,-73.83611001552723
583,882a1039edfffff,6.6386820684090655e-06,40.587158384461254,-73.84927205173615
584,882a103a37fffff,0.0,40.61375886264285,-73.73715662965425
585,882a103b21fffff,7.066030428278312e-05,40.653901612214945,-73.81966012821559
586,882a103b25fffff,0.00014910605352838336,40.65626526172683,-73.83042223302652
587,882a103b27fffff,7.066030428278312e-05,40.64840686493479,-73.82800530263084
588,882a103b29fffff,7.066030428278312e-05,40.65939610081118,-73.81131305934957
589,882a103b2dfffff,0.00014910605352838336,40.66176070484842,-73.82207592899594
590,882a103b65fffff,0.00016499051143295727,40.67511641937974,-73.8161432130856
591,882a103b67fffff,0.00014910605352838336,40.667255889053,-73.81372772983686
592,882a103b6dfffff,3.1983933851849346e-06,40.680612039500154,-73.80779198727706
593,882a106013fffff,4.891660471459312e-06,40.56248938190229,-74.17240796385283
594,882a106081fffff,1.3438627668844262e-05,40.533450375969565,-74.17328769954094
595,882a106083fffff,8.546967197384951e-06,40.52561043768777,-74.17081927030023
596,882a106085fffff,1.6878916352068393e-05,40.53577746939255,-74.18404283848552
597,882a106087fffff,1.1987255880609082e-05,40.52793749589731,-74.18157247564959
598,882a106089fffff,1.456747239302718e-05,40.538963015244796,-74.16500103241775
599,882a10608bfffff,9.407039368190983e-06,40.53112237249597,-74.16253370990738
600,882a10608dfffff,1.3438627668844262e-05,40.541291054150165,-74.17575695607354
601,882a1060a1fffff,1.021335702832164e-05,40.532588882052515,-74.20308233131153
602,882a1060a3fffff,1.021335702832164e-05,40.52474957891703,-74.2006089294522
603,882a1060a5fffff,1.021335702832164e-05,40.53491320927757,-74.2138389804759
604,882a1060a7fffff,1.2148519412635213e-05,40.5270738720336,-74.21136364499986
605,882a1060a9fffff,1.1987255880609082e-05,40.53810365240429,-74.19479912616738
606,882a1060abfffff,1.1987255880609082e-05,40.53026364413901,-74.19232682951132
607,882a1060adfffff,7.4718769838774105e-06,40.540428924644345,-74.2055565620122
608,882a1060b1fffff,7.4718769838774105e-06,40.51458584688655,-74.18738472036036
609,882a1060b5fffff,1.021335702832164e-05,40.5169110154711,-74.19813635602706
610,882a1060b7fffff,3.440288683224131e-06,40.50907319194775,-74.19566461062915
611,882a1060b9fffff,7.4718769838774105e-06,40.520098262308885,-74.179102940351
612,882a1060bdfffff,7.4718769838774105e-06,40.52242437555541,-74.18985536104461
613,882a1060c1fffff,1.9647273651850312e-05,40.55231750006724,-74.15917951588663
614,882a1060c3fffff,1.9647273651850312e-05,40.544475413195435,-74.1567124739793
615,882a1060c5fffff,1.456747239302718e-05,40.55464652018128,-74.16993815898358
616,882a1060c7fffff,1.456747239302718e-05,40.546804397884316,-74.16746918197423
617,882a1060c9fffff,1.5131894755118638e-05,40.55783036017104,-74.15088795750997
618,882a1060cbfffff,1.5131894755118638e-05,40.549987569293805,-74.14842202392506
619,882a1060cdfffff,1.5131894755118638e-05,40.56016032658824,-74.16164738500066
620,882a1060d1fffff,5.160433024836196e-06,40.53430420739523,-74.14349263600955
621,882a1060d5fffff,1.456747239302718e-05,40.53663406620616,-74.15424625887198
622,882a1060d9fffff,1.0240234283659329e-05,40.53981471353167,-74.1352025112907
623,882a1060ddfffff,1.5131894755118638e-05,40.54214551829083,-74.14595691689372
624,882a1060e1fffff,9.407039368190983e-06,40.55145963517071,-74.18898604839711
625,882a1060e3fffff,1.3438627668844262e-05,40.543618182561445,-74.18651402926567
626,882a1060e7fffff,8.546967197384951e-06,40.54594440011795,-74.19727225141993
627,882a1060e9fffff,9.407039368190983e-06,40.55697462927481,-74.18069795264194
628,882a1060ebfffff,9.407039368190983e-06,40.549132471996366,-74.17822704030488
629,882a106191fffff,5.697978131589967e-06,40.53171972609175,-74.23287651521723
630,882a106193fffff,5.697978131589967e-06,40.52388106097432,-74.23039814222626
631,882a106195fffff,1.021335702832164e-06,40.534041286313794,-74.24363466873683
632,882a106197fffff,5.697978131589967e-06,40.5262025881927,-74.24115436211078
633,882a106199fffff,2.7414800444442294e-06,40.53723662545412,-74.22459677642968
634,882a10619bfffff,9.138266814814098e-06,40.52939725454512,-74.22211950711315
635,882a1061b3fffff,1.021335702832164e-06,40.523004884319576,-74.26018689252777
636,882a1061bbfffff,1.021335702832164e-06,40.52852320417048,-74.25191172661243
637,882a106213fffff,3.46716593856182e-06,40.60108584456643,-74.11432501208168
638,882a10621bfffff,6.343032259694492e-06,40.60659864635509,-74.10601986818483
639,882a106259fffff,1.8276533629628195e-06,40.63332551505127,-74.09432375684156
640,882a10625bfffff,4.00471104531559e-06,40.62547414343953,-74.09186341175787
641,882a106281fffff,1.9136605800434232e-05,40.572033764605045,-74.11524130154567
642,882a106283fffff,1.4809367691066378e-05,40.564188899818696,-74.11278063355223
643,882a106285fffff,1.4809367691066378e-05,40.57436748272649,-74.12600192564054
644,882a106287fffff,1.9889168949889508e-05,40.56652258119592,-74.1235393210649
645,882a106289fffff,2.3087562335074445e-05,40.57754470352107,-74.10694138891066
646,882a10628bfffff,1.9136605800434232e-05,40.569699135857704,-74.10448183236139
647,882a10628dfffff,1.9136605800434232e-05,40.579879369231755,-74.11770279510347
648,882a106295fffff,1.021335702832164e-05,40.556344775106034,-74.11032079071698
649,882a10629dfffff,1.4809367691066378e-05,40.56185430825941,-74.10202310072218
650,882a1062a1fffff,1.021335702832164e-05,40.57118721195582,-74.14506015784599
651,882a1062a3fffff,1.5373790053157837e-05,40.56334297766769,-74.14259450654365
652,882a1062a7fffff,1.0240234283659329e-05,40.56567389068918,-74.15335471805507
653,882a1062a9fffff,1.021335702832164e-05,40.576700289859765,-74.13676370407275
654,882a1062abfffff,1.529315828714477e-05,40.56885535202895,-74.13429916268727
655,882a1062b1fffff,1.5373790053157837e-05,40.553167695472794,-74.12937255890829
656,882a1062b3fffff,1.0240234283659329e-05,40.54532497721415,-74.12691049570199
657,882a1062b5fffff,1.5373790053157837e-05,40.55549948301205,-74.14012968195469
658,882a1062b7fffff,1.0240234283659329e-05,40.5476567282223,-74.13766568367248
659,882a1062b9fffff,1.529315828714477e-05,40.55867841951428,-74.1210775423014
660,882a1062bbfffff,1.021335702832164e-05,40.55083499791493,-74.11861658894384
661,882a1062bdfffff,2.045359131198097e-05,40.561011153822136,-74.13183544776795
662,882a1062c1fffff,1.9217237566447294e-05,40.59090240755066,-74.10109885235892
663,882a1062c3fffff,2.1421172504137755e-05,40.58305539741533,-74.0986395828604
664,882a1062c5fffff,1.6341371245314622e-05,40.59323805810914,-74.11186297836427
665,882a1062c7fffff,2.1421172504137755e-05,40.585391011016085,-74.10940177077616
666,882a1062c9fffff,1.4621226903702556e-05,40.59641355830648,-74.09279403955223
667,882a1062cbfffff,1.9217237566447294e-05,40.58856584575904,-74.0903358830956
668,882a1062cdfffff,1.4621226903702556e-05,40.59875015727519,-74.10355894733152
669,882a1062d1fffff,1.2874205306752802e-05,40.572872640339774,-74.08542204423306
670,882a1062d5fffff,1.7954006565575935e-05,40.57520912710289,-74.09618113842961
671,882a1062d7fffff,1.4003050030935723e-05,40.567363596846796,-74.09372351866048
672,882a1062d9fffff,8.278194644008064e-06,40.57838143820981,-74.07711867714129
673,882a1062ddfffff,1.6341371245314622e-05,40.58071887302564,-74.08787855145789
674,882a1062e3fffff,1.4809367691066378e-05,40.58221312387249,-74.12846535643487
675,882a1062ebfffff,1.4003050030935723e-05,40.587725713465225,-74.12016511463209
676,882a106e05fffff,0.0,40.49717567172893,-74.24199107344185
677,882a106e09fffff,1.9351623843135738e-06,40.50036950203364,-74.22296800151256
678,882a106e0dfffff,2.956498087145738e-06,40.502690928887375,-74.23371842439943
679,882a106e29fffff,0.0,40.49949524538201,-74.25274185217711
680,882a106e2dfffff,0.0,40.50181390884921,-74.26349377349011
681,882a106e41fffff,9.138266814814098e-06,40.513720730676546,-74.21716745728548
682,882a106e43fffff,4.676642428757803e-06,40.505883578183386,-74.21469267595951
683,882a106e45fffff,5.697978131589967e-06,40.51604313510338,-74.22792059921684
684,882a106e47fffff,5.697978131589967e-06,40.50820594871214,-74.2254438857814
685,882a106e49fffff,1.2148519412635213e-05,40.519235274253845,-74.2088891386097
686,882a106e4bfffff,8.116931111981933e-06,40.51139741617146,-74.20641546089823
687,882a106e4dfffff,9.138266814814098e-06,40.52155862287484,-74.21964306753426
688,882a106e61fffff,2.956498087145738e-06,40.51284795942633,-74.2469497390903
689,882a106e63fffff,2.956498087145738e-06,40.50501144583021,-74.24446999123575
690,882a106e65fffff,1.021335702832164e-06,40.51516759889332,-74.25770438142763
691,882a106e67fffff,1.021335702832164e-06,40.50733105250304,-74.25522270144673
692,882a106e69fffff,5.697978131589967e-06,40.518364629092396,-74.23867488611776
693,882a106e6bfffff,5.697978131589967e-06,40.51052740924622,-74.23619624034987
694,882a106e6dfffff,2.956498087145738e-06,40.52068521228421,-74.24943031741321
695,882a106f59fffff,0.0,40.51748632728816,-74.26846016678634
696,882a106f5bfffff,0.0,40.50964974854697,-74.26597655445728
697,882a107083fffff,0.0,40.65771938097789,-74.07183669764946
698,882a107087fffff,0.0,40.66005996349911,-74.0826144397192
699,882a107091fffff,4.569133407407049e-07,40.64752370668271,-74.0586042380328
700,882a107093fffff,1.8276533629628195e-06,40.63967026760403,-74.05614918377107
701,882a107095fffff,4.569133407407049e-07,40.64986516569226,-74.06937887491635
702,882a107097fffff,1.8276533629628195e-06,40.64201168901273,-74.06692187803657
703,882a10709dfffff,0.0,40.655377884592724,-74.06106011749003
704,882a1070b1fffff,4.569133407407049e-07,40.64669179254622,-74.08847075033913
705,882a1070b3fffff,1.8276533629628195e-06,40.63883898039106,-74.0860106942925
706,882a1070b5fffff,0.0,40.64903047394278,-74.09924692722738
707,882a1070b7fffff,4.569133407407049e-07,40.64117762529728,-74.0967849285289
708,882a1070b9fffff,4.569133407407049e-07,40.65220571128327,-74.08015467347931
709,882a1070bbfffff,1.8276533629628195e-06,40.64435219744819,-74.07769573375066
710,882a1070bdfffff,0.0,40.654545343091534,-74.09093163314716
711,882a10720bfffff,0.0,40.75685909850768,-74.02238963026836
712,882a107211fffff,0.00023176705231944442,40.74112987198723,-74.01748117571597
713,882a107213fffff,0.00042166941979352183,40.733266364277256,-74.01502818806925
714,882a107215fffff,6.292637405936325e-05,40.743478261141604,-74.02827490787871
715,882a107217fffff,0.00017861280034660909,40.735614715865424,-74.02581997000401
716,882a107219fffff,0.00043466210900088833,40.746644773127144,-74.00914047636304
717,882a10721bfffff,0.00053527151492933,40.738780566092146,-74.00668861308874
718,882a10721dfffff,6.600829933808487e-05,40.74899411680955,-74.01993498964615
719,882a10724bfffff,5.375451067537704e-06,40.775758558736776,-74.00815504259369
720,882a107251fffff,0.00039299545193324136,40.76002506197138,-74.00324943564168
721,882a107253fffff,0.0005116168745033627,40.752159418752036,-74.00079787164594
722,882a107255fffff,6.31817079850713e-05,40.762375398265895,-74.01404668140908
723,882a107257fffff,0.0002652157965871978,40.75450971726392,-74.01159316566698
724,882a107259fffff,0.0007828970758032543,40.765540150398465,-73.9949037992709
725,882a10725bfffff,0.0007912254413238928,40.75767380832863,-73.99245336126558
726,882a10725dfffff,0.00013290937150763665,40.76789144204523,-74.00570182582135
727,882a107281fffff,0.000293889572467083,40.70416790835039,-74.01600847979245
728,882a107283fffff,0.00026071676802079657,40.696308051048874,-74.01355767052156
729,882a107285fffff,0.0001484984035806238,40.70651519254288,-74.02679363522061
730,882a107287fffff,7.924019611795676e-05,40.698655296993564,-74.02434087879382
731,882a107289fffff,0.000670073941121251,40.709680266183405,-74.0076741787482
732,882a10728bfffff,0.0006360854119754658,40.7018197092839,-74.00522449215497
733,882a10728dfffff,0.00023286028468030495,40.71202850371859,-74.01846011396844
734,882a107291fffff,0.0006043901846413687,40.686100810596066,-74.00032759129533
735,882a107293fffff,0.0005747916072007392,40.678242469278246,-73.99788037621518
736,882a107295fffff,0.0003300970430181223,40.68844893204949,-74.0111076857485
737,882a107297fffff,0.0002751370874408499,40.68059055158758,-74.0086585250662
738,882a107299fffff,0.0007040465678909615,40.69161081624209,-73.99199475722205
739,882a10729bfffff,0.0007311657185266892,40.68375177552683,-73.98954866473906
740,882a10729dfffff,0.0006342568627039917,40.69395989067634,-74.00277562980635
741,882a1072a9fffff,3.019928409742683e-05,40.70886156149525,-74.03757995786475
742,882a1072abfffff,3.019928409742683e-05,40.7010016281444,-74.03512525404876
743,882a1072b9fffff,3.019928409742683e-05,40.690796139521076,-74.02188894752507
744,882a1072bbfffff,5.697978131589967e-05,40.682937720360876,-74.019437841007
745,882a1072bdfffff,3.019928409742683e-05,40.69314243264491,-74.03267137605107
746,882a1072c1fffff,0.0007857162439143175,40.72305436427269,-74.00178736299634
747,882a1072c3fffff,0.0008763132002980869,40.7151923699604,-73.99933797536255
748,882a1072c5fffff,0.000616152119531397,40.725403593915914,-74.01257602629768
749,882a1072c7fffff,0.0006597698733561648,40.71754156113932,-74.01012468999328
750,882a1072c9fffff,0.0007434448166048401,40.7285669125862,-73.99344813267909
751,882a1072cbfffff,0.0008482125818882778,40.720704219149056,-73.99099986933716
752,882a1072cdfffff,0.000617027646124022,40.73091709639526,-74.00423757543584
753,882a1072d1fffff,0.000760577275065594,40.70498104661735,-73.986105814679
754,882a1072d3fffff,0.0007845305089996699,40.69712056799387,-73.98366002254875
755,882a1072d5fffff,0.0007604298981154924,40.707331113694174,-73.99688941212699
756,882a1072d7fffff,0.0007579648058467708,40.699470595709606,-73.99444167288247
757,882a1072d9fffff,0.0005332783424689125,40.710491242867484,-73.97776805489823
758,882a1072dbfffff,0.0006756373089990249,40.70263006531953,-73.97532338697795
759,882a1072ddfffff,0.0007304274899134141,40.712842263747554,-73.98855243013952
760,882a1072e1fffff,6.925820746266706e-05,40.72223719692934,-74.03170162517902
761,882a1072e3fffff,0.0001484984035806238,40.714375825933416,-74.02924721721305
762,882a1072e9fffff,0.00027796233493109656,40.72775190771207,-74.02336585866627
763,882a1072ebfffff,0.0003485467109675508,40.71988983691777,-74.0209125734571
764,882a107401fffff,0.00012448648763906068,40.59419717707689,-73.98177203139994
765,882a107403fffff,7.64030778399359e-05,40.58634767734654,-73.97933272815284
766,882a107405fffff,0.00017526658205706686,40.596543905347566,-73.99252998661171
767,882a107407fffff,7.648370960594897e-05,40.5886943642277,-73.99008874542335
768,882a107409fffff,0.00020397149075771818,40.59969973962938,-73.9734534248195
769,882a10740bfffff,0.00013703816588176123,40.591849540163146,-73.97101524070983
770,882a10740dfffff,0.00023775620071719264,40.602047418153084,-73.98421215387368
771,882a107411fffff,5.758899910355394e-05,40.57615136617093,-73.96614132779875
772,882a107413fffff,2.0552141248219158e-05,40.56830339211001,-73.96370559819091
773,882a107415fffff,3.6275335620766944e-05,40.57849891919483,-73.97689424372875
774,882a107417fffff,2.1304704397674437e-05,40.570650902854354,-73.97445657772424
775,882a107419fffff,5.785777165693083e-05,40.58165157935131,-73.95782418704566
776,882a10741bfffff,4.570925224429561e-05,40.57380290575618,-73.95538957649221
777,882a10741dfffff,8.188603792882437e-05,40.584000082266115,-73.9685778751707
778,882a107421fffff,4.776088273507251e-05,40.59338501193345,-74.01160427055234
779,882a107423fffff,6.934331877123638e-06,40.585536130274335,-74.00915997357355
780,882a107425fffff,2.4834583932024197e-05,40.595728972028994,-74.02236377727111
781,882a107429fffff,0.00011417458067450087,40.59888972461036,-74.00328910577566
782,882a10742bfffff,6.536548498125849e-05,40.59104014254488,-74.00084592641305
783,882a10742dfffff,7.834719930936204e-05,40.601234634500585,-74.01404938832174
784,882a107431fffff,5.39336923776283e-06,40.57534320204193,-73.99596202768794
785,882a107433fffff,4.640806088307552e-06,40.56749584407003,-73.99352130751767
786,882a107439fffff,4.320966749789058e-05,40.580845564463104,-73.9876483237138
787,882a10743bfffff,2.1304704397674437e-05,40.572997506286505,-73.98520872107939
788,882a10743dfffff,1.6171148628175927e-05,40.583191301611116,-73.99840356718515
789,882a107441fffff,0.00034058857963918893,40.613053691654564,-73.96757080840494
790,882a107443fffff,0.00022157609300390416,40.60520205135574,-73.96513292538673
791,882a107445fffff,0.00045621453210192495,40.615402362337896,-73.97833225036501
792,882a107447fffff,0.0003484904927084693,40.60755068043196,-73.97589242790326
793,882a107449fffff,0.0003257523346927849,40.6185564512911,-73.95924729508344
794,882a10744bfffff,0.0001838135492544518,40.61070411172639,-73.95681053280659
795,882a10744dfffff,0.00046196626474419034,40.62090607304711,-73.97000951054822
796,882a107451fffff,0.00010581575426447972,40.59500165678124,-73.95193946325351
797,882a107453fffff,5.8646171146836355e-05,40.58715154186652,-73.94950515517058
798,882a107455fffff,0.0001524477922753693,40.59735115238369,-73.96269586108976
799,882a107457fffff,8.806780665649272e-05,40.58950099497131,-73.9602596151105
800,882a107459fffff,7.450375179607258e-05,40.60050206716653,-73.94361741930531
801,882a10745bfffff,3.1607652277121704e-05,40.592651253187356,-73.9411842318793
802,882a10745dfffff,0.00013570326219998938,40.60285251347878,-73.95437458899778
803,882a107461fffff,0.00036480498669844635,40.61224521072121,-73.99741492904111
804,882a107463fffff,0.0002621069940531385,40.60439418758977,-73.99497204768291
805,882a107465fffff,0.00023807872778124493,40.614591111204085,-74.00817792652235
806,882a107467fffff,0.0001742721236095724,40.60674004757452,-74.00573310567724
807,882a107469fffff,0.000499540667706279,40.61775012341098,-73.98909485811704
808,882a10746bfffff,0.00038748939020345546,40.60989840034217,-73.986653095978
809,882a10746dfffff,0.0003656919361245901,40.62009697450859,-73.99985863109083
810,882a1074c5fffff,1.5911335159911605e-05,40.56045616031566,-73.96127068594431
811,882a1074cdfffff,1.5911335159911605e-05,40.56595497441824,-73.95295578304737
812,882a1074e9fffff,2.0552141248219158e-05,40.56280362855749,-73.9720197297362
813,882a1074edfffff,2.0552141248219158e-05,40.56515018993043,-73.98276993711667
814,882a107501fffff,2.17705768235277e-06,40.610605173047084,-74.05710214091194
815,882a107505fffff,6.423664025707557e-06,40.61294553060916,-74.0678682318031
816,882a107507fffff,5.0529240034854425e-06,40.605095712196615,-74.06541341852399
817,882a107509fffff,5.160433024836196e-06,40.616114385700705,-74.0487889680917
818,882a10750bfffff,2.983375342483426e-06,40.60826390429114,-74.0463372105462
819,882a10750dfffff,3.5477977045748845e-06,40.61845569295698,-74.05955583844715
820,882a107521fffff,8.520089942047262e-06,40.60977361705684,-74.08694519977236
821,882a107523fffff,1.0293988794334705e-05,40.60192446275439,-74.08448733205677
822,882a107525fffff,6.343032259694492e-06,40.612111201908306,-74.09771282854769
823,882a107527fffff,1.0293988794334705e-05,40.60426201043421,-74.09525302123407
824,882a107529fffff,6.423664025707557e-06,40.61528497661358,-74.078635482647
825,882a10752bfffff,8.520089942047262e-06,40.607435120365096,-74.07617872957337
826,882a10752dfffff,6.423664025707557e-06,40.61762351069659,-74.08940389287046
827,882a107531fffff,1.0293988794334705e-05,40.59173762678868,-74.0712676971993
828,882a107533fffff,3.950956534640213e-06,40.583889989928174,-74.06881341708673
829,882a107535fffff,1.4621226903702556e-05,40.59407604802324,-74.08203028931719
830,882a107537fffff,1.4621226903702556e-05,40.5862283730972,-74.07957407114735
831,882a107539fffff,2.8758663211326724e-06,40.59724663357099,-74.0629594293153
832,882a10753dfffff,1.0293988794334705e-05,40.59958600367886,-74.07372280122622
833,882a107541fffff,1.7685234012199047e-05,40.62947527184457,-74.04292536378405
834,882a107543fffff,1.7685234012199047e-05,40.62162334962776,-74.04047389976512
835,882a107545fffff,4.00471104531559e-06,40.631817567591256,-74.05369495429797
836,882a107547fffff,6.531173047058311e-06,40.62396560687874,-74.05124154920695
837,882a107549fffff,0.000159892792003909,40.63498468732437,-74.03460728188021
838,882a10754bfffff,7.91535169694927e-05,40.627132064298365,-74.03215693563413
839,882a10754dfffff,1.4701858669715623e-05,40.63732793358643,-74.04537765152786
840,882a107551fffff,2.7817959274507625e-05,40.61142903772921,-74.02725871193934
841,882a107553fffff,2.7817959274507625e-05,40.603578634653694,-74.02481083367952
842,882a107555fffff,2.983375342483426e-06,40.613772167170055,-74.03802325906506
843,882a107557fffff,2.983375342483426e-06,40.6059217247053,-74.03557344127813
844,882a107559fffff,0.0001511039295084849,40.61693610142592,-74.01894208785095
845,882a10755bfffff,0.00011062678296992596,40.60908499774255,-74.01649532728632
846,882a10755dfffff,1.7685234012199047e-05,40.61928018102202,-74.02970741245575
847,882a107561fffff,4.00471104531559e-06,40.628647385859374,-74.07278033219745
848,882a107563fffff,4.00471104531559e-06,40.62079608857479,-74.07032386955879
849,882a107565fffff,4.00471104531559e-06,40.63098690686086,-74.0835514645997
850,882a107567fffff,4.00471104531559e-06,40.62313557219023,-74.08109306085353
851,882a107569fffff,4.00471104531559e-06,40.63415895117404,-74.06446570660299
852,882a10756bfffff,4.00471104531559e-06,40.62630695241067,-74.06201036020873
853,882a10756dfffff,4.00471104531559e-06,40.63649942222867,-74.07523762012578
854,882a107601fffff,7.471876983877409e-06,40.63270982905452,-73.92350202511717
855,882a107605fffff,2.2308121930281475e-05,40.63506321538411,-73.93426538922947
856,882a107607fffff,7.471876983877409e-06,40.62720877940576,-73.9318319932339
857,882a107609fffff,5.912996174291475e-07,40.638210624697294,-73.91517016238048
858,882a10760dfffff,2.2308121930281475e-05,40.64056496337542,-73.92593429766582
859,882a107621fffff,0.0002491521569803726,40.63191273848586,-73.95335834712127
860,882a107623fffff,0.00021727573214987405,40.62405895881163,-73.95092188764363
861,882a107625fffff,0.00043756171689756913,40.63426335343914,-73.96412327665655
862,882a107627fffff,0.00035795128658733575,40.62640953193981,-73.96168487623208
863,882a107629fffff,0.00012543615066099232,40.63741569215499,-73.94502992292055
864,882a10762bfffff,9.740317334378322e-05,40.629561213686046,-73.94259458579053
865,882a10762dfffff,0.0003759859249189247,40.63976725900088,-73.95579562562105
866,882a107631fffff,4.9937940417425275e-05,40.61385448017424,-73.93772636621961
867,882a107633fffff,4.9346640799996126e-05,40.60600222559765,-73.93529348297169
868,882a107635fffff,9.955335377079829e-05,40.616205920211556,-73.94848624678417
869,882a107637fffff,5.020671297080216e-05,40.60835362291887,-73.94605142413921
870,882a10763dfffff,6.04200699991238e-05,40.62170747628137,-73.94016006702478
871,882a107641fffff,0.00010482129581698525,40.65156769611538,-73.90926642835349
872,882a107643fffff,3.633804921655488e-05,40.643711165803566,-73.90683640472986
873,882a107645fffff,9.342533955380531e-05,40.65392303059561,-73.92003327683037
874,882a107647fffff,8.052425699171482e-05,40.646066457129415,-73.91760131080522
875,882a107649fffff,0.00011640539286752902,40.65706867980247,-73.90092965001662
876,882a10764bfffff,6.0635088041825307e-05,40.64921145184266,-73.89850075187152
877,882a10764dfffff,0.00011640539286752902,40.65942496745105,-73.91169726932222
878,882a107651fffff,5.912996174291475e-07,40.63349921989758,-73.89364540523636
879,882a107655fffff,5.912996174291475e-07,40.63585537674908,-73.90440719804785
880,882a107659fffff,5.912996174291475e-07,40.63899785547554,-73.88531010842136
881,882a10765dfffff,2.8489890657949834e-06,40.64135496512992,-73.89607267041245
882,882a107661fffff,0.00012887643934421646,40.65077431027021,-73.93913463595437
883,882a107663fffff,4.7975900777774013e-05,40.642918392416746,-73.936699603335
884,882a107665fffff,0.0003021944203893009,40.65312687135178,-73.94990305388923
885,882a107667fffff,0.0002330526810330972,40.64527091145479,-73.94746607881874
886,882a107669fffff,0.0002060679166740579,40.65627745491638,-73.93080129673295
887,882a10766bfffff,0.00012565116870369384,40.64842083874054,-73.92836738806982
888,882a10766dfffff,0.0003063335177113049,40.65863096871079,-73.94157048749169
889,882a1076a1fffff,2.515711099607646e-05,40.576951851478796,-73.93632030763946
890,882a1076a5fffff,4.133721870936495e-05,40.57930216896715,-73.94707166434598
891,882a1076a7fffff,4.1068446155988063e-05,40.57145353831553,-73.944638990377
892,882a1076a9fffff,2.515711099607646e-05,40.58244991337908,-73.92799973454122
893,882a1076adfffff,2.5425883549453343e-05,40.58480118121397,-73.93875186145824
894,882a1076e5fffff,3.1607652277121704e-05,40.59815071278454,-73.93286141687784
895,882a1076e7fffff,2.5425883549453343e-05,40.590299941967515,-73.93043016753523
896,882a107701fffff,0.0006232566740256592,40.64916441981329,-73.99887011511306
897,882a107703fffff,0.0007131073386195519,40.641309735561144,-73.99642506878817
898,882a107705fffff,0.0004387443161324275,40.65151143154456,-74.00964165430362
899,882a107707fffff,0.0005363087530082369,40.64365670747037,-74.00719466543781
900,882a107709fffff,0.0006065390212056169,40.65467188024801,-73.99054366749672
901,882a10770bfffff,0.0006215096524287093,40.64681649632761,-73.98809974207809
902,882a10770dfffff,0.000544828842950284,40.65701984377642,-74.00131598349745
903,882a107711fffff,0.000620945230066618,40.63110794852666,-73.9832143550392
904,882a107713fffff,0.0005775115854409134,40.623254785113936,-73.98077289260887
905,882a107715fffff,0.0005925897256853566,40.63345579125411,-73.9939808441173
906,882a107717fffff,0.0005311214427280629,40.62560258712614,-73.99153744069525
907,882a107719fffff,0.0005948474151337224,40.636613058179925,-73.97488937382647
908,882a10771bfffff,0.00048607516278209703,40.62875919530004,-73.97244903222061
909,882a10771dfffff,0.000649838279554633,40.63896185234249,-73.98565663806063
910,882a107721fffff,0.00024254035216730123,40.64834791589931,-74.02873735421588
911,882a107723fffff,0.00024254035216730123,40.640493852787934,-74.02628730319742
912,882a107725fffff,8.073927503441632e-05,40.650692151688716,-74.03951044519943
913,882a107727fffff,0.0001569094166614256,40.64283804986592,-74.03705845159992
914,882a107729fffff,0.0003722499864269861,40.653857531156,-74.02041435907763
915,882a10772bfffff,0.0004446841895620566,40.64600276770484,-74.01796542743777
916,882a10772dfffff,0.00016637021054029195,40.65620271828229,-74.03118822886252
917,882a107731fffff,0.0003844791376056343,40.63029545952553,-74.01307003266254
918,882a107733fffff,0.00032913886886533366,40.622442915265644,-74.01062356871576
919,882a107735fffff,0.00020166004679867698,40.632640529182495,-74.023838075401
920,882a107737fffff,0.0001571513119594648,40.62478794531716,-74.0213896704207
921,882a107739fffff,0.0005299657207485424,40.63580272311697,-74.00474849888404
922,882a10773bfffff,0.00040501336068362833,40.6279494787184,-74.00230315423681
923,882a10773dfffff,0.00045473628305835206,40.63814874374994,-74.01551731876803
924,882a107741fffff,0.0006509940015341537,40.668035911292954,-73.98465894768
925,882a107743fffff,0.0005797155203786038,40.66017908824379,-73.98221532229188
926,882a107745fffff,0.00047517643574266423,40.67038486695781,-73.99543398415948
927,882a107747fffff,0.00048763404359168286,40.662528003869554,-73.99298841472195
928,882a107749fffff,0.0007367682824018302,40.67354356551547,-73.97632758207465
929,882a10774bfffff,0.0006117397701134595,40.6656860432696,-73.97388507920185
930,882a10774dfffff,0.0006896067624607882,40.67589347379884,-73.98710339502709
931,882a107751fffff,0.0005072544399881955,40.64997321805547,-73.96900253695026
932,882a107753fffff,0.00040985126664441226,40.642117915555595,-73.9665624967611
933,882a107755fffff,0.0006210796163433064,40.652323004885766,-73.97977251845712
934,882a107757fffff,0.0005619765318557293,40.64446766145313,-73.97733053577036
935,882a107759fffff,0.0004313127550315566,40.655478521618775,-73.96067264130426
936,882a10775bfffff,0.00047586180575377534,40.6476225201231,-73.95823372354722
937,882a10775dfffff,0.00047756851146771854,40.65782926070484,-73.97144339762883
938,882a107761fffff,0.00028301749870586013,40.667223097918026,-74.0145381005948
939,882a107763fffff,0.0003696160154038926,40.659366895105265,-74.01208946588729
940,882a107767fffff,0.00024794268049017665,40.66171303386903,-74.0228641140937
941,882a107769fffff,0.0003198662157738311,40.67273290989818,-74.0062101880679
942,882a10776bfffff,0.00044575927977556415,40.66487600721622,-74.00376267434706
943,882a10776dfffff,0.0001070521080100134,40.67508003974818,-74.01698755883253
